KWT Balance Interaction Matrix,,,
,,,
,LIFTR,DRAGR,PMR
LIFT,0.996207007,0.015003149,0.000118082
DRAG,-0.001113054,0.993660091,-2.05845E-05
PM,0.069284612,-0.129778221,0.994153092
